GeneID,Sample21,Sample22,Sample23,Sample24,Sample25,Sample26,Sample27,Sample28,Sample29,Sample30,Sample31,Sample32,Sample35,Sample39,Sample40,Sample1,Sample2,Sample3,Sample6,Sample9,Sample10,Sample11,Sample12,Sample13,Sample15,Sample16,Sample17,Sample18,Sample19,Sample20
Gene1,5.459854173582945,5.963642798033763,5.6501899760998135,5.9526225191726905,5.44716432370994,5.263916762936621,5.636796972457212,5.605472124393923,5.4147369992987775,5.830622660456293,5.600792300707243,5.652330253793648,5.771071792209965,5.14895485795191,5.424824083183057,-1.153498127553144,-0.09915819194337322,-0.3642357579075924,-1.0883681840778825,0.0614262966739538,-1.4221308624883329,-0.17788816039298427,2.160985119851392,-0.495915118005444,0.9788515073691351,0.7393216924635229,-1.2061042068780412,0.8189273781081328,-0.6747960811251184,-1.3752987809323796
Gene2,5.491100648570714,5.678312436026898,5.277324758895656,6.098747388782951,5.323725289459535,5.616048975081693,5.6673582009667705,5.258827990306021,5.8415430979085645,5.885572959093147,5.542653392956683,5.793325327489195,5.0403724446819265,5.113655862714208,5.907299576892227,-0.6681619385904782,-1.1202033134178702,0.614175350713397,-0.007018768908973849,0.7476321420706451,0.5555449640225435,-1.0881811278043734,-1.0176875549108444,-0.9139952490917891,-1.246850038486439,0.16799823568990935,0.42516108403510894,0.21981804579839131,0.499023959821181,-0.5943173153294266
Gene3,5.2926050654427685,5.5272907585784115,5.755779927754249,5.87361188892184,5.291144924466967,5.450682702161397,5.726606576415232,5.458116643063374,5.617117773499595,5.714021063908558,5.094112336424814,5.393497616106448,5.124328873115149,4.963158932746246,5.614045299633429,-0.06859790087903267,0.5234953109998255,-1.1404910635970087,-0.6013661793246727,0.0614262966739538,-0.044632953128059316,-0.6739730137567665,1.3229454070844018,-0.495915118005444,0.4903397722816022,0.16799823568990935,-1.2061042068780412,1.7787152730371165,-1.4977048857020299,-1.3752987809323796
Gene4,4.976803152239801,5.706710441285784,5.5362682468359505,5.731488050956079,5.476444179971464,5.391069361612762,5.47346812494669,5.518873910842497,5.533828696489306,5.587172624768504,5.512682342178759,5.652330253793648,5.41852547046299,5.313576146159551,5.283338763813671,-0.6681619385904782,-0.09915819194337322,-0.7848733513083375,0.6396050135139344,-0.5785472563458334,-0.5941414005068504,-1.0881811278043734,-1.4231648423939696,-0.9139952490917891,-1.246850038486439,-0.38433693150693565,-0.2046300374434778,0.21981804579839131,-0.11968608225819805,0.47273750688734045
Gene5,5.521685669856456,5.649344874994671,5.565601931171182,5.7900264662715895,4.873893316980007,5.263916762936621,5.32805622962233,5.185786675706676,5.250587217745221,5.210652055387482,5.01085243346025,5.591838481851545,5.124328873115149,5.2821174162412055,5.458132321796895,-1.5403983361434173,0.5234953109998255,1.080574880919788,1.229463071310154,-0.5785472563458334,-1.0507420425031402,-1.4299266838461018,0.10119997302659242,-1.2633945434733536,-0.4944064468468991,-0.8593529311868877,-1.2061042068780412,-0.3664302601416994,-0.11968608225819805,-0.08527910178636111
Gene6,1.591552017283307,0.4482680954723669,1.9427220892132069,1.9844019760882772,-0.7960840868514671,0.9665592425088212,0.7029140900707114,-0.013922837479453332,1.0281184465884872,2.651930202085003,2.707700076362972,2.6049347941628733,1.0154093661005852,-0.5216915631941117,0.7332988727936194,-0.06859790087903267,1.99434605742814,2.112004653786416,0.6396050135139344,0.0614262966739538,1.9721048040488611,2.113793346843359,2.160985119851392,1.011375769047354,0.4903397722816022,1.6820410945926787,1.9578348251717985,0.21981804579839131,0.499023959821181,2.4290107436738375
Gene7,0.07795981852535694,2.217831171796401,0.08782979721892076,1.0678779303286488,1.142367555240969,1.3997075856280936,2.3916857653403074,0.5363143637882144,0.5208357273088353,-0.6246421202885737,2.707700076362972,0.6876376627415786,1.0154093661005852,-0.5216915631941117,1.6904754122372525,2.692732665387132,1.99434605742814,-0.3642357579075924,2.0976270366744854,1.353493621891404,2.2871135836645022,2.3868310027352684,-1.0176875549108444,2.107659874833881,2.0678344741747514,1.2536835361270564,-1.2061042068780412,0.8189273781081328,-1.1297703804269457,-1.0223226640098442
Gene8,0.6384664191696159,1.0152254262789833,1.9427220892132069,0.4598838626064143,0.14318554859404867,2.552208740271945,1.7173773020857603,-0.9578879533586142,1.8311638000098054,1.6790034232630227,-0.46504746900350985,0.08825206931966517,1.0154093661005852,0.9213990732239539,0.15231220418298316,1.2070054601313025,2.5860053598630226,2.571355887273065,1.7114502761697572,1.353493621891404,-0.044632953128059316,2.113793346843359,0.7483270262348143,2.107659874833881,1.4060323430920543,-0.8593529311868877,1.9578348251717985,2.130329372653934,2.5695511605759593,-0.08527910178636111
Gene9,2.250285917107359,2.72091793930024,0.08782979721892076,1.9844019760882772,2.828678250319487,1.3997075856280936,0.7029140900707114,2.436752001750394,1.8311638000098054,2.0686782484078843,2.2342008053857345,1.2313259399269345,3.0639306438514096,-0.9188529398316996,-0.40687820517263956,-0.6681619385904782,1.99434605742814,1.080574880919788,2.0976270366744854,1.8369443217795023,0.5555449640225435,2.3868310027352684,0.10119997302659242,-0.495915118005444,1.4060323430920543,2.033648749745757,1.5459188258336058,0.8189273781081328,1.5773650334873761,1.0076663133062538
Gene10,0.6384664191696159,0.4482680954723669,2.492344964267234,1.0678779303286488,0.14318554859404867,0.9665592425088212,1.2599221729594952,-0.013922837479453332,2.3942630548944477,2.0686782484078843,0.6185156280286486,-0.4787270178790258,2.458249416744889,0.9213990732239539,1.2562636594340357,2.4244992834569046,0.5234953109998255,1.8245977972089364,1.7114502761697572,2.220265605306943,2.2871135836645022,0.37646190522031253,1.7880286884216425,2.364786213159415,0.4903397722816022,2.32604477295993,2.805961707334538,2.6680420033649335,-0.11968608225819805,1.0076663133062538
Gene11,0.6384664191696159,1.4986675603348378,0.08782979721892076,1.0678779303286488,1.142367555240969,-0.04338564580023874,2.647667030345511,-0.013922837479453332,2.1359739797549264,0.6020719472728823,0.6185156280286486,0.6876376627415786,1.4853479788741746,0.43787001701510797,0.15231220418298316,0.5954499481211231,0.5234953109998255,0.614175350713397,2.0976270366744854,1.353493621891404,2.9750300984679297,-1.0881811278043734,1.3229454070844018,-0.495915118005444,2.5468501138955153,1.2536835361270564,1.9578348251717985,0.21981804579839131,1.5773650334873761,1.848403662149356
Gene12,0.6384664191696159,1.0152254262789833,1.5856222499432133,1.0678779303286488,1.142367555240969,0.9665592425088212,-0.4980887239910679,1.501640843999248,-0.5099600266070203,0.6020719472728823,0.6185156280286486,2.3501033881832796,1.4853479788741746,1.7107492911764894,1.6904754122372525,-0.06859790087903267,1.5994426602881082,1.8245977972089364,1.229463071310154,0.7476321420706451,1.1174729497122708,2.113793346843359,2.160985119851392,1.4432340306253617,0.4903397722816022,2.32604477295993,1.0338368963217364,2.130329372653934,1.9745728436083396,1.848403662149356
Gene13,-0.9059229274763563,-0.14070284352228063,0.6422017530474489,2.315816319185388,1.5521247016419162,-0.5200765625384864,1.2599221729594952,3.183552482852772,0.5208357273088353,1.6790034232630227,-0.46504746900350985,-0.9565197765827758,1.871704183639937,0.43787001701510797,-0.40687820517263956,1.7054595013963152,0.5234953109998255,-0.3642357579075924,2.0976270366744854,1.353493621891404,0.5555449640225435,-1.4299266838461018,1.3229454070844018,1.011375769047354,1.4060323430920543,0.16799823568990935,0.42516108403510894,2.421552861363326,2.298859821856763,1.848403662149356
Gene14,2.250285917107359,3.10042979890278,2.240186316699779,-0.17530738457096806,0.6630352978333838,-0.04338564580023874,0.08504379343058133,2.1773839671367234,1.4661058998456686,0.6020719472728823,2.2342008053857345,0.6876376627415786,-1.0567790722738348,0.43787001701510797,2.0457994506584605,0.5954499481211231,1.5994426602881082,1.484321736063869,2.6760344755603427,2.220265605306943,1.1174729497122708,2.113793346843359,0.10119997302659242,1.4432340306253617,2.324848204768088,2.033648749745757,1.9578348251717985,0.21981804579839131,2.298859821856763,1.467957377444896
Gene15,0.07795981852535694,2.9224714269282077,0.6422017530474489,-0.17530738457096806,1.5521247016419162,2.3285107727022307,0.7029140900707114,2.436752001750394,0.5208357273088353,1.1932728646193909,0.0608425700241102,0.6876376627415786,-0.6238881844563247,-0.06069152539270589,-0.40687820517263956,0.5954499481211231,1.1100676201568977,-0.7848733513083375,1.7114502761697572,2.220265605306943,0.5555449640225435,0.9205712329584257,-0.5107956457499472,1.4432340306253617,0.4903397722816022,-0.38433693150693565,2.805961707334538,-0.8683823903252177,2.5695511605759593,1.467957377444896
Gene16,1.951187472763961,1.0152254262789833,-0.43841910054721017,1.9844019760882772,1.894610404835941,0.4714514495685195,0.08504379343058133,1.501640843999248,1.0281184465884872,-1.103589010443677,0.0608425700241102,0.6876376627415786,1.4853479788741746,-0.5216915631941117,-0.40687820517263956,-0.06859790087903267,-1.491710298459521,1.080574880919788,-1.478448109211025,0.0614262966739538,1.1174729497122708,-0.6739730137567665,2.4663347642316964,1.011375769047354,-0.4944064468468991,1.6820410945926787,-0.7577132679146898,0.21981804579839131,0.499023959821181,1.467957377444896
Gene17,1.1552911691308403,1.0152254262789833,2.492344964267234,0.4598838626064143,0.6630352978333838,0.4714514495685195,1.2599221729594952,0.5363143637882144,2.1359739797549264,3.0762096302769057,2.2342008053857345,1.681531425736512,-0.10538664625031124,2.2751182818856956,0.15231220418298316,1.2070054601313025,-0.6602099020672891,1.484321736063869,1.229463071310154,0.0614262966739538,1.9721048040488611,-0.17788816039298427,0.7483270262348143,1.804818401458163,-0.4944064468468991,1.2536835361270564,1.9578348251717985,1.3465769248181292,-0.11968608225819805,-0.5943173153294266
Gene18,0.6384664191696159,2.217831171796401,1.1533369038086718,1.0678779303286488,2.828678250319487,0.9665592425088212,1.7173773020857603,-0.013922837479453332,1.0281184465884872,-0.039476658899081196,0.6185156280286486,2.3501033881832796,1.871704183639937,-0.5216915631941117,0.15231220418298316,-0.06859790087903267,1.1100676201568977,-0.3642357579075924,-0.007018768908973849,2.531806072596547,0.5555449640225435,0.37646190522031253,-0.5107956457499472,0.5137693499942503,0.4903397722816022,0.7393216924635229,1.9578348251717985,2.130329372653934,-0.6747960811251184,2.1635722370310577
Gene19,-1.280031678102527,-0.14070284352228063,-1.2628672886516457,-0.17530738457096806,-0.35790025382072005,3.219242484192809,1.2599221729594952,0.5363143637882144,-0.5099600266070203,2.651930202085003,1.1352294749812408,1.2313259399269345,-0.10538664625031124,2.0156272018306134,1.2562636594340357,-0.6681619385904782,-0.6602099020672891,1.484321736063869,-0.007018768908973849,-0.5785472563458334,0.5555449640225435,1.788564758681572,0.10119997302659242,1.011375769047354,-0.01959970693755908,1.2536835361270564,1.0338368963217364,1.7787152730371165,1.5773650334873761,1.0076663133062538
Gene20,1.591552017283307,-1.1059249438705803,1.9427220892132069,2.315816319185388,-1.1637970593762377,2.0691956468222887,1.7173773020857603,1.0562415771486877,-0.01336552855272527,2.0686782484078843,0.6185156280286486,2.6049347941628733,2.190492192202763,0.9213990732239539,1.2562636594340357,1.2070054601313025,-0.6602099020672891,2.571355887273065,2.901240619162038,0.7476321420706451,1.9721048040488611,0.37646190522031253,0.10119997302659242,2.364786213159415,0.4903397722816022,2.32604477295993,-0.2046300374434778,1.3465769248181292,0.499023959821181,2.1635722370310577
Gene21,0.6384664191696159,-1.1059249438705803,0.08782979721892076,1.576208532805137,2.995672199377947,-0.04338564580023874,2.8675319150528633,-0.5243865845457267,2.3942630548944477,-0.6246421202885737,0.6185156280286486,0.6876376627415786,1.871704183639937,2.2751182818856956,0.15231220418298316,1.2070054601313025,0.5234953109998255,2.3578748565751337,1.229463071310154,-0.5785472563458334,1.9721048040488611,1.3951847571278937,1.3229454070844018,1.011375769047354,0.4903397722816022,2.033648749745757,1.9578348251717985,0.21981804579839131,0.499023959821181,-0.08527910178636111
Gene22,1.951187472763961,0.4482680954723669,0.6422017530474489,-0.17530738457096806,0.14318554859404867,-0.04338564580023874,-0.4980887239910679,0.5363143637882144,1.4661058998456686,1.1932728646193909,-0.913993099019415,0.6876376627415786,-0.6238881844563247,1.7107492911764894,0.15231220418298316,2.4244992834569046,0.5234953109998255,1.080574880919788,0.6396050135139344,1.353493621891404,1.1174729497122708,0.9205712329584257,-1.0176875549108444,1.804818401458163,1.7656618313414945,-0.38433693150693565,2.292189765967244,0.8189273781081328,2.8004890860076124,2.4290107436738375
Gene23,0.6384664191696159,1.0152254262789833,1.1533369038086718,2.8256553841337544,1.5521247016419162,0.4714514495685195,2.087387878847591,1.8705651053586256,1.4661058998456686,-0.039476658899081196,0.0608425700241102,2.0478110605224926,0.4666921349093724,1.7107492911764894,2.3406060230931973,0.5954499481211231,2.316761426814928,0.11478030228445543,1.7114502761697572,2.531806072596547,-1.0507420425031402,0.9205712329584257,0.10119997302659242,1.4432340306253617,2.5468501138955153,0.7393216924635229,1.5459188258336058,-0.8683823903252177,1.085770095208747,0.47273750688734045
Gene24,-0.4526030736132521,1.89361565559078,1.1533369038086718,1.576208532805137,1.894610404835941,2.552208740271945,0.7029140900707114,1.8705651053586256,-0.5099600266070203,2.0686782484078843,0.6185156280286486,2.6049347941628733,-0.6238881844563247,2.2751182818856956,1.2562636594340357,0.5954499481211231,-0.09915819194337322,-0.7848733513083375,0.6396050135139344,-0.5785472563458334,-0.5941414005068504,0.37646190522031253,0.10119997302659242,1.011375769047354,0.9788515073691351,2.32604477295993,-0.7577132679146898,3.067515312144684,1.085770095208747,1.0076663133062538
Gene25,1.1552911691308403,-0.6689799100440168,2.492344964267234,2.8256553841337544,1.142367555240969,1.7638211949283173,0.7029140900707114,1.501640843999248,2.984631823420068,-0.039476658899081196,1.5727437922761174,2.0478110605224926,-0.6238881844563247,1.7107492911764894,-0.40687820517263956,1.7054595013963152,1.1100676201568977,1.484321736063869,1.229463071310154,0.7476321420706451,1.588759075152931,2.113793346843359,0.7483270262348143,-0.008900899830569187,-0.01959970693755908,2.033648749745757,1.5459188258336058,1.7787152730371165,1.085770095208747,2.1635722370310577
Gene26,0.6384664191696159,1.4986675603348378,0.08782979721892076,1.9844019760882772,1.5521247016419162,2.552208740271945,-0.4980887239910679,-0.013922837479453332,1.8311638000098054,1.1932728646193909,1.9338335068516534,2.0478110605224926,0.4666921349093724,-0.9188529398316996,1.6904754122372525,1.7054595013963152,2.8158218277575595,2.3578748565751337,1.7114502761697572,0.0614262966739538,1.1174729497122708,1.788564758681572,0.7483270262348143,1.011375769047354,2.324848204768088,0.16799823568990935,-0.2046300374434778,1.7787152730371165,2.298859821856763,1.848403662149356
Gene27,-0.9059229274763563,1.89361565559078,2.240186316699779,-0.17530738457096806,0.6630352978333838,-0.5200765625384864,2.087387878847591,2.1773839671367234,1.0281184465884872,0.6020719472728823,1.1352294749812408,2.3501033881832796,2.458249416744889,0.9213990732239539,1.2562636594340357,1.2070054601313025,1.1100676201568977,2.7593150545465077,2.0976270366744854,1.8369443217795023,0.5555449640225435,1.788564758681572,0.10119997302659242,-0.008900899830569187,2.0678344741747514,0.7393216924635229,2.805961707334538,1.7787152730371165,1.085770095208747,1.0076663133062538
Gene28,-0.4526030736132521,-0.6689799100440168,0.6422017530474489,0.4598838626064143,-0.35790025382072005,1.7638211949283173,2.087387878847591,2.1773839671367234,2.1359739797549264,0.6020719472728823,2.2342008053857345,0.08825206931966517,1.4853479788741746,2.6956203343415925,-0.40687820517263956,1.7054595013963152,2.8158218277575595,2.7593150545465077,1.229463071310154,2.220265605306943,2.551397323223256,2.113793346843359,2.7226000320456176,1.804818401458163,-0.01959970693755908,1.6820410945926787,2.292189765967244,2.421552861363326,1.5773650334873761,0.47273750688734045
Gene29,1.1552911691308403,0.4482680954723669,2.240186316699779,1.0678779303286488,0.14318554859404867,2.3285107727022307,0.7029140900707114,1.8705651053586256,-0.5099600266070203,1.1932728646193909,0.0608425700241102,1.681531425736512,1.4853479788741746,0.9213990732239539,2.0457994506584605,2.4244992834569046,2.316761426814928,0.11478030228445543,2.0976270366744854,-1.0983758944023403,1.9721048040488611,2.3868310027352684,1.7880286884216425,1.4432340306253617,-0.9034740280864408,1.2536835361270564,1.9578348251717985,0.21981804579839131,1.5773650334873761,-0.5943173153294266
Gene30,1.591552017283307,-0.14070284352228063,2.240186316699779,1.576208532805137,-0.35790025382072005,2.0691956468222887,0.08504379343058133,-0.013922837479453332,-0.01336552855272527,-0.6246421202885737,-0.46504746900350985,2.8240995700047558,1.4853479788741746,0.9213990732239539,1.6904754122372525,2.692732665387132,-0.09915819194337322,2.3578748565751337,1.7114502761697572,2.531806072596547,2.551397323223256,1.788564758681572,0.10119997302659242,1.4432340306253617,2.324848204768088,1.2536835361270564,1.5459188258336058,-0.3664302601416994,1.5773650334873761,1.848403662149356
Gene31,1.951187472763961,2.489161108632616,2.240186316699779,0.4598838626064143,1.142367555240969,0.9665592425088212,2.087387878847591,1.0562415771486877,1.8311638000098054,1.6790034232630227,0.0608425700241102,0.6876376627415786,0.4666921349093724,1.7107492911764894,2.3406060230931973,2.102407024869984,0.5234953109998255,1.080574880919788,1.7114502761697572,2.220265605306943,-0.044632953128059316,2.6203457350395656,0.7483270262348143,1.011375769047354,2.324848204768088,2.32604477295993,2.5699209961879332,0.21981804579839131,-0.6747960811251184,1.0076663133062538
Gene32,1.951187472763961,1.4986675603348378,0.6422017530474489,-0.17530738457096806,-0.35790025382072005,-0.04338564580023874,2.8675319150528633,1.8705651053586256,0.5208357273088353,1.6790034232630227,1.1352294749812408,1.2313259399269345,2.190492192202763,-0.06069152539270589,0.7332988727936194,1.7054595013963152,-0.09915819194337322,1.080574880919788,1.229463071310154,0.0614262966739538,2.2871135836645022,1.788564758681572,2.160985119851392,2.364786213159415,1.4060323430920543,-0.38433693150693565,1.5459188258336058,1.3465769248181292,0.499023959821181,0.47273750688734045
Gene33,2.7219251046001536,-0.6689799100440168,0.08782979721892076,1.9844019760882772,-0.35790025382072005,2.3285107727022307,2.3916857653403074,1.501640843999248,-0.01336552855272527,1.1932728646193909,-0.46504746900350985,0.6876376627415786,1.0154093661005852,1.3487899069431466,2.0457994506584605,2.692732665387132,2.5860053598630226,0.614175350713397,-0.007018768908973849,0.0614262966739538,1.1174729497122708,-0.6739730137567665,1.3229454070844018,1.4432340306253617,-0.01959970693755908,1.2536835361270564,1.5459188258336058,1.3465769248181292,1.085770095208747,-0.08527910178636111
Gene34,0.6384664191696159,1.0152254262789833,0.6422017530474489,1.576208532805137,0.14318554859404867,-0.04338564580023874,-0.9857993314369524,-0.9578879533586142,-0.5099600266070203,1.1932728646193909,-0.46504746900350985,0.08825206931966517,1.4853479788741746,1.3487899069431466,2.590156658731472,2.4244992834569046,1.99434605742814,2.112004653786416,1.7114502761697572,0.7476321420706451,1.1174729497122708,0.37646190522031253,1.7880286884216425,-0.008900899830569187,-0.01959970693755908,-0.38433693150693565,0.42516108403510894,0.21981804579839131,-0.11968608225819805,0.47273750688734045
Gene35,-0.9059229274763563,1.4986675603348378,-0.8896160532377626,1.576208532805137,0.6630352978333838,0.9665592425088212,1.2599221729594952,1.0562415771486877,1.8311638000098054,0.6020719472728823,0.0608425700241102,2.0478110605224926,-0.10538664625031124,1.3487899069431466,1.2562636594340357,1.2070054601313025,1.1100676201568977,0.614175350713397,2.4126469992256117,1.353493621891404,1.1174729497122708,2.113793346843359,-1.0176875549108444,2.107659874833881,1.4060323430920543,1.2536835361270564,1.5459188258336058,1.3465769248181292,0.499023959821181,-0.08527910178636111
Gene36,0.07795981852535694,1.89361565559078,1.1533369038086718,1.576208532805137,2.1825303389155235,1.3997075856280936,0.08504379343058133,0.5363143637882144,-0.01336552855272527,1.6790034232630227,-0.46504746900350985,0.08825206931966517,0.4666921349093724,1.7107492911764894,2.0457994506584605,0.5954499481211231,-0.09915819194337322,1.8245977972089364,-0.007018768908973849,1.353493621891404,2.551397323223256,0.9205712329584257,1.3229454070844018,2.364786213159415,1.4060323430920543,1.2536835361270564,1.0338368963217364,0.21981804579839131,2.8004890860076124,-0.5943173153294266
Gene37,-0.4526030736132521,3.2595441592624894,1.9427220892132069,-1.191433947955109,3.282740795021308,1.3997075856280936,2.647667030345511,1.8705651053586256,2.3942630548944477,1.1932728646193909,0.0608425700241102,1.681531425736512,1.4853479788741746,0.43787001701510797,-0.8850550364474592,-0.6681619385904782,0.5234953109998255,1.080574880919788,-0.007018768908973849,0.7476321420706451,-0.5941414005068504,-0.6739730137567665,2.160985119851392,2.364786213159415,0.9788515073691351,1.2536835361270564,0.42516108403510894,2.421552861363326,0.499023959821181,1.467957377444896
Gene38,1.591552017283307,1.89361565559078,0.6422017530474489,1.0678779303286488,1.894610404835941,0.9665592425088212,2.3916857653403074,2.1773839671367234,3.139806005670312,0.6020719472728823,2.2342008053857345,2.8240995700047558,-0.10538664625031124,0.9213990732239539,2.3406060230931973,-0.06859790087903267,1.99434605742814,-0.3642357579075924,0.6396050135139344,3.014567101968655,0.5555449640225435,1.788564758681572,0.7483270262348143,2.107659874833881,0.9788515073691351,1.6820410945926787,-1.2061042068780412,1.3465769248181292,-0.11968608225819805,-0.5943173153294266
Gene39,-0.4526030736132521,1.89361565559078,1.1533369038086718,1.576208532805137,2.1825303389155235,-0.5200765625384864,0.7029140900707114,2.8551662258428885,0.5208357273088353,1.1932728646193909,1.5727437922761174,1.2313259399269345,2.458249416744889,-0.5216915631941117,2.0457994506584605,1.2070054601313025,1.99434605742814,1.484321736063869,2.4126469992256117,1.8369443217795023,1.1174729497122708,1.788564758681572,1.3229454070844018,1.804818401458163,0.4903397722816022,-0.8593529311868877,-0.2046300374434778,1.3465769248181292,0.499023959821181,1.467957377444896
Gene40,2.250285917107359,1.0152254262789833,0.08782979721892076,-0.17530738457096806,-0.7960840868514671,0.4714514495685195,0.08504379343058133,1.501640843999248,1.4661058998456686,1.1932728646193909,2.2342008053857345,1.2313259399269345,2.190492192202763,0.9213990732239539,0.7332988727936194,1.2070054601313025,2.316761426814928,1.484321736063869,1.7114502761697572,-1.0983758944023403,1.1174729497122708,3.163242350485149,0.10119997302659242,1.011375769047354,1.4060323430920543,0.7393216924635229,-1.2061042068780412,-0.8683823903252177,1.085770095208747,0.47273750688734045
Gene41,1.591552017283307,0.4482680954723669,1.9427220892132069,-0.17530738457096806,1.5521247016419162,0.4714514495685195,0.08504379343058133,1.501640843999248,-0.01336552855272527,1.1932728646193909,2.707700076362972,1.681531425736512,1.0154093661005852,0.9213990732239539,0.7332988727936194,2.4244992834569046,1.1100676201568977,0.11478030228445543,-0.007018768908973849,1.8369443217795023,2.9750300984679297,0.9205712329584257,1.3229454070844018,-0.9139952490917891,0.9788515073691351,1.2536835361270564,-0.2046300374434778,1.7787152730371165,-0.11968608225819805,1.467957377444896
Gene42,0.6384664191696159,0.4482680954723669,2.240186316699779,0.4598838626064143,1.5521247016419162,0.4714514495685195,-0.4980887239910679,0.5363143637882144,1.0281184465884872,-0.039476658899081196,0.6185156280286486,1.681531425736512,1.871704183639937,-0.5216915631941117,1.6904754122372525,1.7054595013963152,0.5234953109998255,1.8245977972089364,-0.6013661793246727,-0.5785472563458334,1.1174729497122708,-0.17788816039298427,0.10119997302659242,2.107659874833881,1.4060323430920543,0.16799823568990935,1.0338368963217364,0.21981804579839131,1.9745728436083396,1.848403662149356
Gene43,2.503542661130347,2.489161108632616,1.1533369038086718,0.4598838626064143,1.5521247016419162,2.748100284955366,2.087387878847591,1.501640843999248,2.3942630548944477,1.6790034232630227,1.5727437922761174,-0.4787270178790258,1.0154093661005852,0.9213990732239539,0.15231220418298316,0.5954499481211231,1.1100676201568977,0.11478030228445543,2.4126469992256117,2.220265605306943,2.2871135836645022,0.37646190522031253,1.7880286884216425,1.804818401458163,1.7656618313414945,-0.38433693150693565,-0.7577132679146898,-0.3664302601416994,1.9745728436083396,2.1635722370310577
Gene44,2.7219251046001536,1.4986675603348378,1.1533369038086718,0.4598838626064143,1.142367555240969,2.748100284955366,0.08504379343058133,-0.9578879533586142,0.5208357273088353,-0.039476658899081196,1.9338335068516534,0.08825206931966517,1.871704183639937,0.9213990732239539,1.2562636594340357,1.7054595013963152,2.8158218277575595,1.8245977972089364,2.0976270366744854,0.7476321420706451,2.551397323223256,0.9205712329584257,1.3229454070844018,-0.495915118005444,0.9788515073691351,1.2536835361270564,1.9578348251717985,1.7787152730371165,0.499023959821181,1.0076663133062538
Gene45,1.1552911691308403,2.217831171796401,1.9427220892132069,0.4598838626064143,1.894610404835941,0.9665592425088212,1.7173773020857603,1.0562415771486877,1.0281184465884872,2.651930202085003,0.0608425700241102,1.681531425736512,2.458249416744889,1.3487899069431466,1.6904754122372525,2.102407024869984,1.1100676201568977,1.484321736063869,0.6396050135139344,0.7476321420706451,0.5555449640225435,2.3868310027352684,0.10119997302659242,0.5137693499942503,1.7656618313414945,1.6820410945926787,0.42516108403510894,0.8189273781081328,1.085770095208747,1.467957377444896
Gene46,0.6384664191696159,1.0152254262789833,-0.8896160532377626,1.576208532805137,1.894610404835941,-0.04338564580023874,0.08504379343058133,1.501640843999248,-0.01336552855272527,2.3864451173554793,1.5727437922761174,2.6049347941628733,1.4853479788741746,1.3487899069431466,2.0457994506584605,1.2070054601313025,1.5994426602881082,0.11478030228445543,2.6760344755603427,1.353493621891404,0.5555449640225435,2.3868310027352684,2.4663347642316964,2.364786213159415,1.4060323430920543,1.6820410945926787,0.42516108403510894,2.880803864840519,1.5773650334873761,-0.5943173153294266
Gene47,1.951187472763961,-0.14070284352228063,1.1533369038086718,-0.73640199561984,0.14318554859404867,2.3285107727022307,-0.4980887239910679,0.5363143637882144,1.0281184465884872,-0.6246421202885737,1.9338335068516534,0.08825206931966517,1.871704183639937,1.3487899069431466,1.6904754122372525,1.2070054601313025,1.5994426602881082,1.080574880919788,2.0976270366744854,2.220265605306943,1.588759075152931,0.37646190522031253,1.3229454070844018,1.804818401458163,1.7656618313414945,1.2536835361270564,1.0338368963217364,0.8189273781081328,1.9745728436083396,2.4290107436738375
Gene48,2.250285917107359,1.0152254262789833,0.08782979721892076,-1.191433947955109,-0.35790025382072005,-0.04338564580023874,1.7173773020857603,0.5363143637882144,1.4661058998456686,1.1932728646193909,0.0608425700241102,0.6876376627415786,1.4853479788741746,0.9213990732239539,0.7332988727936194,0.5954499481211231,1.99434605742814,-0.3642357579075924,-0.007018768908973849,-1.0983758944023403,1.588759075152931,0.37646190522031253,0.10119997302659242,2.5866693702513968,1.7656618313414945,0.16799823568990935,0.42516108403510894,0.8189273781081328,1.9745728436083396,2.656734618645924
Gene49,0.07795981852535694,1.0152254262789833,-0.43841910054721017,1.0678779303286488,0.6630352978333838,0.9665592425088212,0.7029140900707114,1.0562415771486877,-0.01336552855272527,2.878753714062602,1.9338335068516534,1.2313259399269345,-0.6238881844563247,2.6956203343415925,1.2562636594340357,3.1201886557852574,-1.1202033134178702,1.484321736063869,-0.6013661793246727,0.7476321420706451,1.1174729497122708,-0.6739730137567665,2.160985119851392,2.364786213159415,1.7656618313414945,1.6820410945926787,1.5459188258336058,2.130329372653934,1.085770095208747,-0.08527910178636111
Gene50,1.591552017283307,2.217831171796401,1.5856222499432133,1.0678779303286488,2.1825303389155235,1.3997075856280936,2.087387878847591,1.0562415771486877,-0.01336552855272527,2.878753714062602,1.1352294749812408,-0.4787270178790258,1.871704183639937,2.4992381407776003,0.15231220418298316,-0.06859790087903267,-0.6602099020672891,1.484321736063869,1.229463071310154,0.7476321420706451,-0.044632953128059316,1.3951847571278937,0.10119997302659242,-0.495915118005444,2.0678344741747514,-0.8593529311868877,0.42516108403510894,1.3465769248181292,2.8004890860076124,0.47273750688734045
Gene51,0.07795981852535694,1.89361565559078,0.08782979721892076,1.0678779303286488,1.142367555240969,1.7638211949283173,1.7173773020857603,2.436752001750394,1.4661058998456686,-0.6246421202885737,-0.913993099019415,2.0478110605224926,-0.10538664625031124,0.43787001701510797,1.6904754122372525,1.2070054601313025,3.1921780787219958,2.9268416977557936,2.0976270366744854,1.353493621891404,1.1174729497122708,0.9205712329584257,2.7226000320456176,3.2490682678552156,2.324848204768088,2.5739594640693433,1.0338368963217364,2.421552861363326,0.499023959821181,2.4290107436738375
Gene52,2.503542661130347,1.0152254262789833,1.1533369038086718,1.576208532805137,1.142367555240969,-0.04338564580023874,2.3916857653403074,0.5363143637882144,2.3942630548944477,-0.039476658899081196,1.5727437922761174,1.681531425736512,1.0154093661005852,1.3487899069431466,1.2562636594340357,2.102407024869984,1.99434605742814,0.11478030228445543,1.229463071310154,0.7476321420706451,-0.044632953128059316,-0.17788816039298427,3.4574132810485407,1.804818401458163,0.9788515073691351,0.7393216924635229,1.0338368963217364,2.880803864840519,1.5773650334873761,1.848403662149356
Gene53,-0.9059229274763563,-0.14070284352228063,1.5856222499432133,1.576208532805137,1.142367555240969,-0.04338564580023874,0.08504379343058133,1.0562415771486877,-0.01336552855272527,2.651930202085003,1.9338335068516534,3.3387332035058086,2.458249416744889,0.9213990732239539,2.3406060230931973,2.102407024869984,2.316761426814928,0.11478030228445543,1.7114502761697572,-1.5090095382770359,1.588759075152931,0.37646190522031253,-0.5107956457499472,0.5137693499942503,1.4060323430920543,2.9760463533129604,3.1907039352024036,1.7787152730371165,2.5695511605759593,-0.08527910178636111
Gene54,2.913284972915732,1.0152254262789833,1.9427220892132069,1.576208532805137,-0.35790025382072005,0.9665592425088212,1.7173773020857603,-0.013922837479453332,1.0281184465884872,0.6020719472728823,0.6185156280286486,1.681531425736512,2.190492192202763,-0.06069152539270589,3.162119366203232,-1.153498127553144,1.99434605742814,0.11478030228445543,-0.6013661793246727,3.208518458329175,1.1174729497122708,-1.0881811278043734,0.10119997302659242,2.107659874833881,-0.01959970693755908,0.7393216924635229,0.42516108403510894,0.8189273781081328,1.5773650334873761,1.848403662149356
Gene55,0.07795981852535694,1.0152254262789833,-1.2628672886516457,0.4598838626064143,1.894610404835941,0.9665592425088212,-0.4980887239910679,2.436752001750394,2.6168673194615306,0.6020719472728823,0.6185156280286486,-0.4787270178790258,-1.4120802500965106,1.3487899069431466,2.3406060230931973,0.5954499481211231,0.5234953109998255,2.571355887273065,1.229463071310154,1.353493621891404,-1.0507420425031402,0.9205712329584257,1.7880286884216425,1.011375769047354,-0.01959970693755908,2.033648749745757,1.5459188258336058,0.8189273781081328,1.085770095208747,1.467957377444896
Gene56,1.591552017283307,1.0152254262789833,0.6422017530474489,0.4598838626064143,2.6412486318370894,2.3285107727022307,1.2599221729594952,2.1773839671367234,1.8311638000098054,0.6020719472728823,1.9338335068516534,-0.4787270178790258,1.871704183639937,2.4992381407776003,1.2562636594340357,2.4244992834569046,2.8158218277575595,1.080574880919788,-0.007018768908973849,0.0614262966739538,-0.5941414005068504,1.3951847571278937,2.7226000320456176,1.4432340306253617,-0.4944064468468991,-0.38433693150693565,-0.2046300374434778,-0.3664302601416994,1.085770095208747,-0.08527910178636111
Gene57,2.250285917107359,-0.14070284352228063,0.08782979721892076,1.9844019760882772,1.142367555240969,1.3997075856280936,0.08504379343058133,1.0562415771486877,2.1359739797549264,1.6790034232630227,0.0608425700241102,1.681531425736512,1.0154093661005852,1.7107492911764894,-0.8850550364474592,0.5954499481211231,1.1100676201568977,1.080574880919788,0.6396050135139344,2.220265605306943,1.588759075152931,0.9205712329584257,0.10119997302659242,1.4432340306253617,2.5468501138955153,2.32604477295993,2.5699209961879332,0.8189273781081328,-0.11968608225819805,0.47273750688734045
Gene58,0.6384664191696159,0.4482680954723669,1.1533369038086718,0.4598838626064143,2.828678250319487,-0.04338564580023874,2.087387878847591,-0.013922837479453332,1.8311638000098054,-0.039476658899081196,0.0608425700241102,1.681531425736512,-0.6238881844563247,2.0156272018306134,1.2562636594340357,0.5954499481211231,1.5994426602881082,0.11478030228445543,-1.0883681840778825,1.8369443217795023,-1.0507420425031402,-0.17788816039298427,1.7880286884216425,1.804818401458163,0.9788515073691351,1.6820410945926787,1.0338368963217364,2.130329372653934,3.4800491991766127,0.47273750688734045
Gene59,1.591552017283307,1.4986675603348378,0.08782979721892076,1.0678779303286488,0.6630352978333838,1.3997075856280936,1.7173773020857603,-0.013922837479453332,1.8311638000098054,2.0686782484078843,0.0608425700241102,0.08825206931966517,2.190492192202763,-0.06069152539270589,-0.40687820517263956,1.2070054601313025,-0.09915819194337322,0.614175350713397,0.6396050135139344,1.8369443217795023,1.588759075152931,0.37646190522031253,0.7483270262348143,1.804818401458163,1.7656618313414945,0.16799823568990935,1.0338368963217364,-0.3664302601416994,2.298859821856763,2.1635722370310577
Gene60,1.1552911691308403,0.4482680954723669,0.6422017530474489,1.576208532805137,1.142367555240969,1.7638211949283173,1.7173773020857603,-0.9578879533586142,0.5208357273088353,1.6790034232630227,1.5727437922761174,0.6876376627415786,-0.10538664625031124,0.9213990732239539,0.7332988727936194,-1.153498127553144,-1.1202033134178702,0.11478030228445543,-0.007018768908973849,1.8369443217795023,1.1174729497122708,1.3951847571278937,2.942430577090417,0.5137693499942503,0.9788515073691351,2.033648749745757,0.42516108403510894,1.7787152730371165,-1.4977048857020299,1.848403662149356
Gene61,1.591552017283307,-0.14070284352228063,0.6422017530474489,2.315816319185388,0.14318554859404867,1.7638211949283173,0.7029140900707114,0.5363143637882144,2.3942630548944477,3.0762096302769057,1.5727437922761174,0.08825206931966517,0.4666921349093724,1.7107492911764894,0.7332988727936194,0.5954499481211231,0.5234953109998255,-0.3642357579075924,1.229463071310154,2.220265605306943,2.2871135836645022,1.3951847571278937,2.160985119851392,1.4432340306253617,-0.01959970693755908,-1.2501086061735065,0.42516108403510894,0.21981804579839131,1.085770095208747,2.1635722370310577
Gene62,1.591552017283307,1.4986675603348378,0.08782979721892076,1.9844019760882772,1.5521247016419162,0.4714514495685195,0.08504379343058133,-0.013922837479453332,1.0281184465884872,2.0686782484078843,1.1352294749812408,0.6876376627415786,2.458249416744889,0.43787001701510797,1.2562636594340357,0.5954499481211231,1.1100676201568977,2.9268416977557936,-0.007018768908973849,1.353493621891404,3.3059377694922327,2.3868310027352684,2.7226000320456176,-0.008900899830569187,1.7656618313414945,0.7393216924635229,1.5459188258336058,0.8189273781081328,1.9745728436083396,1.0076663133062538
Gene63,0.07795981852535694,-0.14070284352228063,-0.8896160532377626,1.9844019760882772,1.5521247016419162,1.3997075856280936,0.7029140900707114,0.5363143637882144,1.4661058998456686,-0.039476658899081196,0.6185156280286486,2.3501033881832796,1.871704183639937,1.7107492911764894,-0.40687820517263956,0.5954499481211231,2.316761426814928,1.080574880919788,1.229463071310154,1.353493621891404,-0.044632953128059316,0.9205712329584257,1.3229454070844018,0.5137693499942503,-0.4944064468468991,0.7393216924635229,1.5459188258336058,2.421552861363326,1.9745728436083396,1.0076663133062538
Gene64,2.503542661130347,2.489161108632616,1.5856222499432133,-0.17530738457096806,2.1825303389155235,2.0691956468222887,0.08504379343058133,1.0562415771486877,0.5208357273088353,-0.039476658899081196,1.1352294749812408,0.08825206931966517,1.0154093661005852,0.43787001701510797,2.0457994506584605,-0.06859790087903267,0.5234953109998255,1.484321736063869,2.0976270366744854,0.0614262966739538,1.588759075152931,0.9205712329584257,0.10119997302659242,0.5137693499942503,1.7656618313414945,2.033648749745757,2.292189765967244,2.130329372653934,1.085770095208747,0.47273750688734045
Gene65,2.250285917107359,0.4482680954723669,1.5856222499432133,-0.73640199561984,0.14318554859404867,2.0691956468222887,1.7173773020857603,2.1773839671367234,-0.01336552855272527,2.0686782484078843,0.6185156280286486,-0.4787270178790258,1.871704183639937,2.0156272018306134,1.2562636594340357,1.2070054601313025,3.0156779574408996,1.8245977972089364,1.229463071310154,0.7476321420706451,0.5555449640225435,2.113793346843359,2.942430577090417,-0.495915118005444,2.324848204768088,0.16799823568990935,1.0338368963217364,0.21981804579839131,0.499023959821181,1.848403662149356
Gene66,2.250285917107359,1.0152254262789833,-0.43841910054721017,2.5913177643646303,-0.35790025382072005,-1.2715303747460203,0.7029140900707114,0.5363143637882144,-0.01336552855272527,1.6790034232630227,0.6185156280286486,1.681531425736512,1.4853479788741746,0.9213990732239539,1.6904754122372525,-0.06859790087903267,1.1100676201568977,1.484321736063869,1.7114502761697572,2.220265605306943,0.5555449640225435,1.3951847571278937,-0.5107956457499472,2.5866693702513968,0.9788515073691351,1.2536835361270564,-0.2046300374434778,2.130329372653934,2.5695511605759593,1.0076663133062538
Gene67,2.250285917107359,-0.6689799100440168,0.6422017530474489,1.576208532805137,0.14318554859404867,1.7638211949283173,0.7029140900707114,1.0562415771486877,2.3942630548944477,2.3864451173554793,1.5727437922761174,0.6876376627415786,2.190492192202763,0.43787001701510797,-1.2768927496818543,1.2070054601313025,-0.09915819194337322,0.614175350713397,2.6760344755603427,0.7476321420706451,2.551397323223256,0.9205712329584257,0.10119997302659242,1.4432340306253617,-0.01959970693755908,0.7393216924635229,-0.7577132679146898,0.21981804579839131,-0.11968608225819805,2.1635722370310577
Gene68,0.6384664191696159,1.0152254262789833,1.1533369038086718,1.576208532805137,2.4282164281057503,-0.5200765625384864,0.7029140900707114,2.8551662258428885,1.8311638000098054,2.0686782484078843,2.488489186992132,0.6876376627415786,1.0154093661005852,-0.06069152539270589,1.2562636594340357,1.2070054601313025,1.5994426602881082,1.8245977972089364,0.6396050135139344,2.531806072596547,1.1174729497122708,-0.17788816039298427,0.10119997302659242,1.804818401458163,-0.4944064468468991,1.2536835361270564,1.9578348251717985,2.421552861363326,-0.6747960811251184,1.467957377444896
Gene69,-0.4526030736132521,2.217831171796401,3.4874538744120933,1.0678779303286488,1.5521247016419162,0.9665592425088212,0.7029140900707114,1.0562415771486877,-0.01336552855272527,1.6790034232630227,1.9338335068516534,1.681531425736512,-0.10538664625031124,-0.9188529398316996,2.0457994506584605,2.4244992834569046,2.5860053598630226,0.11478030228445543,2.0976270366744854,0.0614262966739538,2.9750300984679297,0.9205712329584257,1.3229454070844018,0.5137693499942503,1.4060323430920543,0.7393216924635229,0.42516108403510894,0.8189273781081328,1.5773650334873761,2.1635722370310577
Gene70,0.6384664191696159,0.4482680954723669,1.9427220892132069,1.0678779303286488,1.142367555240969,0.4714514495685195,0.7029140900707114,-0.013922837479453332,1.4661058998456686,0.6020719472728823,1.5727437922761174,0.6876376627415786,1.871704183639937,2.0156272018306134,0.7332988727936194,0.5954499481211231,-0.09915819194337322,2.112004653786416,1.229463071310154,1.353493621891404,-0.5941414005068504,-1.0881811278043734,0.10119997302659242,-0.008900899830569187,2.324848204768088,2.32604477295993,1.0338368963217364,0.21981804579839131,-1.1297703804269457,1.467957377444896
Gene71,2.250285917107359,1.89361565559078,2.240186316699779,1.0678779303286488,0.6630352978333838,0.9665592425088212,0.7029140900707114,1.8705651053586256,0.5208357273088353,3.2507586470660934,1.5727437922761174,1.2313259399269345,1.0154093661005852,3.0263706012140563,0.15231220418298316,1.2070054601313025,1.5994426602881082,-0.3642357579075924,2.4126469992256117,1.8369443217795023,1.1174729497122708,-0.17788816039298427,3.1344494979459143,0.5137693499942503,-0.01959970693755908,1.6820410945926787,1.5459188258336058,0.8189273781081328,0.499023959821181,1.0076663133062538
Gene72,-0.4526030736132521,1.0152254262789833,2.240186316699779,-0.17530738457096806,0.14318554859404867,1.3997075856280936,2.3916857653403074,2.1773839671367234,0.5208357273088353,0.6020719472728823,1.9338335068516534,0.08825206931966517,1.871704183639937,2.0156272018306134,0.7332988727936194,2.692732665387132,1.1100676201568977,1.484321736063869,0.6396050135139344,1.353493621891404,1.1174729497122708,1.788564758681572,0.7483270262348143,1.011375769047354,0.9788515073691351,1.2536835361270564,0.42516108403510894,2.880803864840519,1.5773650334873761,1.0076663133062538
Gene73,1.1552911691308403,-0.14070284352228063,0.08782979721892076,-1.5576999841502943,0.6630352978333838,-0.5200765625384864,1.7173773020857603,2.436752001750394,0.5208357273088353,-0.039476658899081196,1.5727437922761174,1.681531425736512,0.4666921349093724,1.3487899069431466,0.15231220418298316,-1.5403983361434173,0.5234953109998255,3.077736504003198,2.6760344755603427,0.7476321420706451,1.1174729497122708,0.37646190522031253,2.160985119851392,1.804818401458163,2.5468501138955153,1.2536835361270564,1.0338368963217364,1.3465769248181292,0.499023959821181,1.467957377444896
Gene74,1.1552911691308403,1.4986675603348378,1.9427220892132069,1.9844019760882772,0.14318554859404867,-0.5200765625384864,0.7029140900707114,1.8705651053586256,-0.01336552855272527,1.6790034232630227,2.488489186992132,2.0478110605224926,1.0154093661005852,1.3487899069431466,2.0457994506584605,2.102407024869984,1.1100676201568977,1.484321736063869,1.7114502761697572,0.0614262966739538,1.1174729497122708,2.113793346843359,2.160985119851392,1.804818401458163,2.5468501138955153,3.1432457347303533,2.292189765967244,1.7787152730371165,1.5773650334873761,1.0076663133062538
Gene75,0.6384664191696159,-0.14070284352228063,2.9007505295392972,1.576208532805137,1.894610404835941,1.3997075856280936,1.2599221729594952,0.5363143637882144,-0.01336552855272527,0.6020719472728823,1.5727437922761174,0.6876376627415786,2.190492192202763,1.3487899069431466,-0.8850550364474592,-1.153498127553144,0.5234953109998255,-0.7848733513083375,-0.6013661793246727,2.531806072596547,0.5555449640225435,0.37646190522031253,2.160985119851392,1.4432340306253617,-0.01959970693755908,2.32604477295993,0.42516108403510894,2.130329372653934,1.9745728436083396,1.0076663133062538
Gene76,1.951187472763961,1.89361565559078,0.6422017530474489,1.0678779303286488,1.5521247016419162,2.3285107727022307,2.3916857653403074,-0.013922837479453332,1.8311638000098054,0.6020719472728823,1.9338335068516534,-1.3452796876981183,-0.10538664625031124,-0.06069152539270589,2.0457994506584605,1.2070054601313025,1.5994426602881082,2.3578748565751337,-0.6013661793246727,-0.5785472563458334,1.1174729497122708,1.3951847571278937,2.160985119851392,-0.9139952490917891,0.4903397722816022,1.2536835361270564,0.42516108403510894,1.3465769248181292,0.499023959821181,2.1635722370310577
Gene77,1.1552911691308403,-0.6689799100440168,1.1533369038086718,1.576208532805137,2.995672199377947,-0.04338564580023874,1.7173773020857603,-0.5243865845457267,1.0281184465884872,2.0686782484078843,0.0608425700241102,1.2313259399269345,1.871704183639937,1.7107492911764894,0.15231220418298316,1.7054595013963152,1.1100676201568977,-0.7848733513083375,-0.007018768908973849,1.353493621891404,0.5555449640225435,0.9205712329584257,1.3229454070844018,2.107659874833881,0.9788515073691351,0.16799823568990935,0.42516108403510894,1.3465769248181292,0.499023959821181,1.467957377444896
Gene78,0.6384664191696159,1.4986675603348378,1.1533369038086718,2.5913177643646303,0.14318554859404867,2.0691956468222887,0.7029140900707114,-0.013922837479453332,-0.5099600266070203,1.1932728646193909,2.707700076362972,-0.9565197765827758,1.0154093661005852,1.7107492911764894,-0.40687820517263956,1.2070054601313025,-0.09915819194337322,1.484321736063869,0.6396050135139344,1.353493621891404,-0.044632953128059316,1.788564758681572,1.7880286884216425,-0.008900899830569187,2.324848204768088,1.6820410945926787,1.0338368963217364,1.7787152730371165,2.5695511605759593,-0.08527910178636111
Gene79,1.591552017283307,1.0152254262789833,1.9427220892132069,1.0678779303286488,0.14318554859404867,1.3997075856280936,3.2301526267088176,1.0562415771486877,0.5208357273088353,-0.039476658899081196,-0.46504746900350985,2.3501033881832796,1.4853479788741746,2.869927308730202,2.0457994506584605,1.7054595013963152,1.1100676201568977,1.080574880919788,1.229463071310154,1.353493621891404,1.1174729497122708,2.3868310027352684,1.3229454070844018,-0.008900899830569187,-0.4944064468468991,-0.38433693150693565,3.0105311923035174,1.3465769248181292,1.085770095208747,1.848403662149356
Gene80,0.6384664191696159,1.4986675603348378,0.08782979721892076,1.576208532805137,0.6630352978333838,2.3285107727022307,1.7173773020857603,1.501640843999248,2.1359739797549264,2.0686782484078843,1.9338335068516534,0.08825206931966517,1.0154093661005852,1.7107492911764894,1.2562636594340357,1.7054595013963152,1.1100676201568977,1.8245977972089364,2.901240619162038,0.7476321420706451,1.588759075152931,1.3951847571278937,-0.5107956457499472,1.4432340306253617,1.4060323430920543,2.5739594640693433,1.5459188258336058,2.6680420033649335,1.5773650334873761,-0.5943173153294266
Gene81,1.1552911691308403,1.0152254262789833,2.240186316699779,1.576208532805137,2.4282164281057503,0.4714514495685195,1.2599221729594952,0.5363143637882144,-0.5099600266070203,2.0686782484078843,1.1352294749812408,0.6876376627415786,-0.6238881844563247,0.9213990732239539,1.6904754122372525,1.7054595013963152,1.5994426602881082,2.112004653786416,0.6396050135139344,2.220265605306943,-0.044632953128059316,1.788564758681572,1.7880286884216425,1.804818401458163,-0.4944064468468991,2.32604477295993,1.0338368963217364,-0.3664302601416994,1.085770095208747,-1.0223226640098442
Gene82,-0.9059229274763563,1.4986675603348378,0.6422017530474489,-0.73640199561984,2.1825303389155235,0.9665592425088212,-0.9857993314369524,-0.5243865845457267,1.4661058998456686,-0.039476658899081196,-0.46504746900350985,0.08825206931966517,1.871704183639937,1.7107492911764894,1.2562636594340357,-1.153498127553144,1.1100676201568977,1.484321736063869,1.7114502761697572,3.014567101968655,-1.0507420425031402,2.113793346843359,0.10119997302659242,-0.495915118005444,2.0678344741747514,1.2536835361270564,1.0338368963217364,1.7787152730371165,2.5695511605759593,1.467957377444896
Gene83,0.6384664191696159,0.4482680954723669,0.08782979721892076,1.0678779303286488,0.14318554859404867,2.552208740271945,1.7173773020857603,1.8705651053586256,1.0281184465884872,-0.039476658899081196,1.1352294749812408,1.681531425736512,1.0154093661005852,-0.5216915631941117,-0.40687820517263956,1.2070054601313025,1.99434605742814,2.571355887273065,0.6396050135139344,0.7476321420706451,1.1174729497122708,-0.17788816039298427,1.7880286884216425,-0.008900899830569187,2.5468501138955153,-0.38433693150693565,1.5459188258336058,0.8189273781081328,1.085770095208747,-1.0223226640098442
Gene84,1.951187472763961,2.217831171796401,1.1533369038086718,1.576208532805137,1.142367555240969,2.3285107727022307,0.7029140900707114,2.1773839671367234,2.3942630548944477,1.6790034232630227,0.6185156280286486,1.681531425736512,1.4853479788741746,1.3487899069431466,2.0457994506584605,-0.06859790087903267,0.5234953109998255,1.484321736063869,1.229463071310154,1.353493621891404,2.2871135836645022,-0.6739730137567665,2.7226000320456176,1.4432340306253617,2.324848204768088,1.6820410945926787,0.42516108403510894,0.8189273781081328,1.5773650334873761,2.656734618645924
Gene85,0.07795981852535694,1.4986675603348378,1.9427220892132069,1.9844019760882772,-0.35790025382072005,0.4714514495685195,2.3916857653403074,2.1773839671367234,1.8311638000098054,0.6020719472728823,2.707700076362972,1.681531425736512,0.4666921349093724,0.43787001701510797,-0.8850550364474592,2.102407024869984,1.99434605742814,0.614175350713397,1.229463071310154,0.7476321420706451,0.5555449640225435,2.6203457350395656,-0.5107956457499472,2.107659874833881,2.5468501138955153,1.2536835361270564,0.42516108403510894,-0.3664302601416994,2.298859821856763,0.47273750688734045
Gene86,1.1552911691308403,1.89361565559078,2.492344964267234,0.4598838626064143,2.1825303389155235,1.7638211949283173,0.7029140900707114,0.5363143637882144,1.0281184465884872,0.6020719472728823,-0.913993099019415,0.08825206931966517,0.4666921349093724,1.7107492911764894,1.2562636594340357,1.2070054601313025,-0.6602099020672891,1.080574880919788,1.7114502761697572,0.0614262966739538,2.551397323223256,0.37646190522031253,0.10119997302659242,1.011375769047354,2.0678344741747514,2.9760463533129604,2.292189765967244,3.067515312144684,2.5695511605759593,-1.0223226640098442
Gene87,0.07795981852535694,0.4482680954723669,2.240186316699779,1.9844019760882772,1.5521247016419162,2.0691956468222887,1.7173773020857603,1.501640843999248,2.984631823420068,0.6020719472728823,2.488489186992132,0.08825206931966517,0.4666921349093724,3.2976180901095375,0.15231220418298316,1.7054595013963152,1.5994426602881082,1.080574880919788,2.901240619162038,-1.0983758944023403,1.9721048040488611,1.3951847571278937,1.3229454070844018,1.804818401458163,0.4903397722816022,-0.38433693150693565,0.42516108403510894,1.7787152730371165,1.5773650334873761,-0.5943173153294266
Gene88,2.7219251046001536,2.217831171796401,0.08782979721892076,0.4598838626064143,-0.35790025382072005,1.3997075856280936,1.2599221729594952,-0.013922837479453332,1.0281184465884872,-0.039476658899081196,1.5727437922761174,1.681531425736512,0.4666921349093724,-0.06069152539270589,0.7332988727936194,-0.06859790087903267,1.1100676201568977,1.8245977972089364,1.7114502761697572,2.531806072596547,-1.4221308624883329,1.3951847571278937,0.7483270262348143,1.011375769047354,2.324848204768088,1.6820410945926787,1.5459188258336058,2.130329372653934,-0.11968608225819805,1.467957377444896
Gene89,0.6384664191696159,1.89361565559078,1.5856222499432133,1.0678779303286488,3.1460625612829327,0.4714514495685195,0.7029140900707114,1.8705651053586256,1.4661058998456686,1.6790034232630227,1.9338335068516534,0.08825206931966517,-1.0567790722738348,-0.5216915631941117,1.2562636594340357,0.5954499481211231,1.5994426602881082,-1.1404910635970087,-0.007018768908973849,0.7476321420706451,-0.044632953128059316,1.3951847571278937,0.7483270262348143,2.364786213159415,0.4903397722816022,2.5739594640693433,2.292189765967244,0.21981804579839131,1.5773650334873761,-0.08527910178636111
Gene90,1.951187472763961,2.217831171796401,1.9427220892132069,-0.73640199561984,1.5521247016419162,0.4714514495685195,-0.4980887239910679,1.8705651053586256,1.0281184465884872,-0.6246421202885737,0.0608425700241102,0.6876376627415786,0.4666921349093724,0.43787001701510797,1.6904754122372525,-0.06859790087903267,1.1100676201568977,1.484321736063869,1.229463071310154,-0.5785472563458334,1.588759075152931,-1.0881811278043734,0.7483270262348143,2.364786213159415,-0.9034740280864408,1.2536835361270564,2.5699209961879332,2.880803864840519,1.085770095208747,2.1635722370310577
Gene91,2.250285917107359,-0.14070284352228063,1.5856222499432133,1.0678779303286488,0.6630352978333838,1.3997075856280936,-0.4980887239910679,1.8705651053586256,0.5208357273088353,0.6020719472728823,2.488489186992132,0.08825206931966517,0.4666921349093724,2.6956203343415925,-0.8850550364474592,1.7054595013963152,-0.6602099020672891,2.3578748565751337,1.229463071310154,1.8369443217795023,1.9721048040488611,1.3951847571278937,2.7226000320456176,-0.495915118005444,1.7656618313414945,1.6820410945926787,1.9578348251717985,0.21981804579839131,-0.11968608225819805,2.1635722370310577
Gene92,1.1552911691308403,1.4986675603348378,0.08782979721892076,-0.73640199561984,0.6630352978333838,1.7638211949283173,2.3916857653403074,1.8705651053586256,1.0281184465884872,1.1932728646193909,1.5727437922761174,2.3501033881832796,1.0154093661005852,-0.5216915631941117,0.15231220418298316,2.4244992834569046,2.316761426814928,1.080574880919788,0.6396050135139344,1.353493621891404,-0.5941414005068504,1.3951847571278937,1.3229454070844018,-0.495915118005444,2.324848204768088,1.6820410945926787,1.0338368963217364,2.6680420033649335,-0.11968608225819805,1.467957377444896
Gene93,0.6384664191696159,-0.6689799100440168,1.1533369038086718,-0.17530738457096806,1.142367555240969,0.4714514495685195,1.2599221729594952,1.0562415771486877,2.3942630548944477,1.6790034232630227,0.0608425700241102,0.08825206931966517,0.4666921349093724,0.43787001701510797,1.6904754122372525,1.7054595013963152,1.1100676201568977,1.080574880919788,-1.0883681840778825,0.7476321420706451,3.149590168631758,0.9205712329584257,2.7226000320456176,0.5137693499942503,1.7656618313414945,0.16799823568990935,1.0338368963217364,2.130329372653934,0.499023959821181,1.467957377444896
Gene94,1.591552017283307,0.4482680954723669,0.08782979721892076,1.576208532805137,2.995672199377947,1.7638211949283173,1.2599221729594952,-0.013922837479453332,0.5208357273088353,1.1932728646193909,2.707700076362972,1.681531425736512,2.458249416744889,2.0156272018306134,1.6904754122372525,0.5954499481211231,2.8158218277575595,0.614175350713397,2.6760344755603427,1.353493621891404,1.1174729497122708,0.9205712329584257,2.4663347642316964,-0.495915118005444,1.4060323430920543,3.1432457347303533,0.42516108403510894,0.8189273781081328,2.5695511605759593,0.47273750688734045
Gene95,1.951187472763961,-1.1059249438705803,1.1533369038086718,-0.17530738457096806,1.894610404835941,0.4714514495685195,1.7173773020857603,1.0562415771486877,-1.2873315533987761,1.1932728646193909,0.0608425700241102,2.3501033881832796,2.190492192202763,1.3487899069431466,2.3406060230931973,2.102407024869984,-0.6602099020672891,1.080574880919788,-0.007018768908973849,0.7476321420706451,-0.5941414005068504,0.9205712329584257,1.3229454070844018,1.4432340306253617,2.0678344741747514,1.2536835361270564,-0.2046300374434778,0.21981804579839131,1.085770095208747,0.47273750688734045
Gene96,0.07795981852535694,2.72091793930024,1.9427220892132069,1.0678779303286488,2.6412486318370894,0.4714514495685195,0.08504379343058133,2.1773839671367234,0.5208357273088353,1.1932728646193909,1.1352294749812408,2.6049347941628733,1.0154093661005852,-0.06069152539270589,-0.40687820517263956,-0.06859790087903267,1.5994426602881082,-0.7848733513083375,1.7114502761697572,3.014567101968655,1.1174729497122708,0.37646190522031253,1.3229454070844018,1.804818401458163,1.4060323430920543,0.16799823568990935,-0.7577132679146898,2.130329372653934,-0.6747960811251184,1.467957377444896
Gene97,0.07795981852535694,-0.14070284352228063,1.9427220892132069,1.9844019760882772,1.5521247016419162,2.0691956468222887,1.7173773020857603,1.8705651053586256,1.4661058998456686,1.6790034232630227,1.5727437922761174,2.3501033881832796,2.458249416744889,0.43787001701510797,2.0457994506584605,-0.6681619385904782,-0.09915819194337322,1.080574880919788,3.4263786641471428,1.353493621891404,1.9721048040488611,1.3951847571278937,2.4663347642316964,2.107659874833881,0.9788515073691351,0.16799823568990935,0.42516108403510894,-0.3664302601416994,0.499023959821181,0.47273750688734045
Gene98,1.1552911691308403,-0.6689799100440168,-0.8896160532377626,1.9844019760882772,1.894610404835941,1.3997075856280936,-0.4980887239910679,0.5363143637882144,-0.9342405399628084,0.6020719472728823,1.5727437922761174,1.2313259399269345,1.0154093661005852,0.43787001701510797,1.2562636594340357,2.4244992834569046,1.1100676201568977,-1.1404910635970087,0.6396050135139344,0.7476321420706451,1.9721048040488611,0.37646190522031253,1.3229454070844018,1.4432340306253617,0.9788515073691351,1.2536835361270564,1.5459188258336058,-0.3664302601416994,-0.6747960811251184,1.848403662149356
Gene99,0.07795981852535694,0.4482680954723669,1.9427220892132069,0.4598838626064143,0.6630352978333838,0.4714514495685195,2.087387878847591,1.501640843999248,1.8311638000098054,-0.6246421202885737,1.1352294749812408,1.681531425736512,-0.10538664625031124,1.3487899069431466,1.6904754122372525,1.2070054601313025,2.8158218277575595,-0.3642357579075924,2.4126469992256117,1.8369443217795023,1.1174729497122708,1.3951847571278937,0.10119997302659242,0.5137693499942503,2.5468501138955153,1.2536835361270564,2.292189765967244,3.067515312144684,1.5773650334873761,2.1635722370310577
Gene100,0.6384664191696159,1.89361565559078,1.1533369038086718,-0.17530738457096806,0.14318554859404867,-0.5200765625384864,2.647667030345511,0.5363143637882144,0.5208357273088353,0.6020719472728823,0.6185156280286486,0.08825206931966517,0.4666921349093724,-0.5216915631941117,0.7332988727936194,1.2070054601313025,0.5234953109998255,1.8245977972089364,-0.007018768908973849,0.7476321420706451,1.1174729497122708,2.113793346843359,1.3229454070844018,0.5137693499942503,-0.4944064468468991,0.7393216924635229,1.9578348251717985,0.21981804579839131,1.9745728436083396,1.848403662149356
Gene101,-0.4526030736132521,2.217831171796401,1.5856222499432133,2.5913177643646303,1.142367555240969,0.9665592425088212,0.7029140900707114,-0.5243865845457267,1.4661058998456686,-0.6246421202885737,1.1352294749812408,2.0478110605224926,2.458249416744889,-0.5216915631941117,2.590156658731472,2.4244992834569046,-0.09915819194337322,2.112004653786416,-0.6013661793246727,-1.5090095382770359,1.588759075152931,2.3868310027352684,0.7483270262348143,1.4432340306253617,2.7414559473625584,2.033648749745757,0.42516108403510894,0.21981804579839131,1.5773650334873761,1.467957377444896
Gene102,1.1552911691308403,0.4482680954723669,-0.43841910054721017,2.8256553841337544,2.6412486318370894,0.4714514495685195,0.08504379343058133,3.02826413048797,2.3942630548944477,2.0686782484078843,1.5727437922761174,2.8240995700047558,-0.6238881844563247,0.43787001701510797,0.7332988727936194,3.295715465534433,-0.09915819194337322,1.484321736063869,1.7114502761697572,1.353493621891404,-0.044632953128059316,-1.4299266838461018,1.3229454070844018,1.011375769047354,3.069464066830226,0.7393216924635229,1.5459188258336058,-0.8683823903252177,0.499023959821181,-0.08527910178636111
Gene103,1.1552911691308403,2.217831171796401,1.5856222499432133,2.315816319185388,0.6630352978333838,-0.9290189316458586,2.087387878847591,1.501640843999248,2.6168673194615306,0.6020719472728823,-0.46504746900350985,0.08825206931966517,-0.10538664625031124,0.9213990732239539,1.6904754122372525,1.7054595013963152,2.316761426814928,2.7593150545465077,-0.6013661793246727,2.220265605306943,1.588759075152931,1.3951847571278937,1.7880286884216425,1.4432340306253617,0.9788515073691351,2.32604477295993,2.5699209961879332,0.8189273781081328,-0.11968608225819805,2.1635722370310577
Gene104,0.07795981852535694,1.0152254262789833,-0.43841910054721017,-0.17530738457096806,0.14318554859404867,2.552208740271945,0.7029140900707114,0.5363143637882144,-0.01336552855272527,2.0686782484078843,1.9338335068516534,1.2313259399269345,0.4666921349093724,2.6956203343415925,1.6904754122372525,2.102407024869984,1.1100676201568977,0.11478030228445543,2.0976270366744854,2.220265605306943,1.9721048040488611,2.113793346843359,0.10119997302659242,-0.495915118005444,0.4903397722816022,-0.8593529311868877,1.5459188258336058,1.3465769248181292,1.085770095208747,1.467957377444896
Gene105,2.7219251046001536,0.4482680954723669,0.6422017530474489,1.9844019760882772,-0.35790025382072005,-0.04338564580023874,-0.9857993314369524,-1.3166059182271421,-0.5099600266070203,0.6020719472728823,0.6185156280286486,1.2313259399269345,0.4666921349093724,0.43787001701510797,1.2562636594340357,1.2070054601313025,1.99434605742814,0.11478030228445543,-1.0883681840778825,0.7476321420706451,2.2871135836645022,0.37646190522031253,1.3229454070844018,0.5137693499942503,-0.01959970693755908,-0.8593529311868877,-1.2061042068780412,2.130329372653934,1.5773650334873761,1.467957377444896
